{
  "Request to create a repository for the invalid user" : {
    "transaction" : "Request to create a repository for the invalid user",
    "sampleCount" : 200,
    "errorCount" : 200,
    "errorPct" : 100.0,
    "meanResTime" : 50.769999999999975,
    "medianResTime" : 62.0,
    "minResTime" : 20.0,
    "maxResTime" : 345.0,
    "pct1ResTime" : 68.9,
    "pct2ResTime" : 97.29999999999984,
    "pct3ResTime" : 282.6500000000003,
    "throughput" : 9.887773767736196,
    "receivedKBytesPerSec" : 11.503806792900578,
    "sentKBytesPerSec" : 2.665064023335146
  },
  "Request to update a repository for the valid user" : {
    "transaction" : "Request to update a repository for the valid user",
    "sampleCount" : 200,
    "errorCount" : 200,
    "errorPct" : 100.0,
    "meanResTime" : 254.11000000000016,
    "medianResTime" : 247.0,
    "minResTime" : 237.0,
    "maxResTime" : 471.0,
    "pct1ResTime" : 272.70000000000005,
    "pct2ResTime" : 306.74999999999994,
    "pct3ResTime" : 385.7600000000002,
    "throughput" : 9.928021841648052,
    "receivedKBytesPerSec" : 11.14338041387441,
    "sentKBytesPerSec" : 3.141288160833954
  },
  "Request to get a repository for the valid user" : {
    "transaction" : "Request to get a repository for the valid user",
    "sampleCount" : 200,
    "errorCount" : 200,
    "errorPct" : 100.0,
    "meanResTime" : 250.99999999999991,
    "medianResTime" : 245.0,
    "minResTime" : 236.0,
    "maxResTime" : 490.0,
    "pct1ResTime" : 261.0,
    "pct2ResTime" : 270.0,
    "pct3ResTime" : 467.84000000000106,
    "throughput" : 9.928514694201748,
    "receivedKBytesPerSec" : 11.144079037182289,
    "sentKBytesPerSec" : 2.4433454130262113
  },
  "[res_key=reportgenerator_summary_total]" : {
    "transaction" : "[res_key=reportgenerator_summary_total]",
    "sampleCount" : 600,
    "errorCount" : 600,
    "errorPct" : 100.0,
    "meanResTime" : 185.29333333333332,
    "medianResTime" : 243.0,
    "minResTime" : 20.0,
    "maxResTime" : 490.0,
    "pct1ResTime" : 257.0,
    "pct2ResTime" : 273.0,
    "pct3ResTime" : 357.95000000000005,
    "throughput" : 28.928209825948606,
    "receivedKBytesPerSec" : 32.865205465623646,
    "sentKBytesPerSec" : 8.023058193915434
  }
}